DICE,VOE,RVD,Prevision,Recall
0.5773,0.4334,0.3265,0.7145,0.4962
0.4066,0.1616,0.04993,0.4704,0.3833
0.5078,0.8348,2.50462,0.3777,0.8639
0.6790,0.5266,1.2855,0.8482,0.5844


